{
  "Program": [
    "$"
  ],
  "Declaration_list": [
    "ID",
    ";",
    "NUM",
    "(",
    "{",
    "}",
    "break",
    "if",
    "repeat",
    "return",
    "$"
  ],
  "Declaration": [
    "ID",
    ";",
    "NUM",
    "(",
    "int",
    "void",
    "{",
    "}",
    "break",
    "if",
    "repeat",
    "return",
    "$"
  ],
  "Declaration_initial": [
    ";",
    "[",
    "(",
    ")",
    ","
  ],
  "Declaration_prime": [
    "ID",
    ";",
    "NUM",
    "(",
    "int",
    "void",
    "{",
    "}",
    "break",
    "if",
    "repeat",
    "return",
    "$"
  ],
  "Var_declaration_prime": [
    "ID",
    ";",
    "NUM",
    "(",
    "int",
    "void",
    "{",
    "}",
    "break",
    "if",
    "repeat",
    "return",
    "$"
  ],
  "Fun_declaration_prime": [
    "ID",
    ";",
    "NUM",
    "(",
    "int",
    "void",
    "{",
    "}",
    "break",
    "if",
    "repeat",
    "return",
    "$"
  ],
  "Type_specifier": [
    "ID"
  ],
  "Params": [
    ")"
  ],
  "Param_list": [
    ")"
  ],
  "Param": [
    ")",
    ","
  ],
  "Param_prime": [
    ")",
    ","
  ],
  "Compound_stmt": [
    "ID",
    ";",
    "NUM",
    "(",
    "int",
    "void",
    "{",
    "}",
    "break",
    "if",
    "else",
    "repeat",
    "until",
    "return",
    "$"
  ],
  "Statement_list": [
    "}"
  ],
  "Statement": [
    "ID",
    ";",
    "NUM",
    "(",
    "{",
    "}",
    "break",
    "if",
    "else",
    "repeat",
    "until",
    "return"
  ],
  "Expression_stmt": [
    "ID",
    ";",
    "NUM",
    "(",
    "{",
    "}",
    "break",
    "if",
    "else",
    "repeat",
    "until",
    "return"
  ],
  "Selection_stmt": [
    "ID",
    ";",
    "NUM",
    "(",
    "{",
    "}",
    "break",
    "if",
    "else",
    "repeat",
    "until",
    "return"
  ],
  "Iteration_stmt": [
    "ID",
    ";",
    "NUM",
    "(",
    "{",
    "}",
    "break",
    "if",
    "else",
    "repeat",
    "until",
    "return"
  ],
  "Return_stmt": [
    "ID",
    ";",
    "NUM",
    "(",
    "{",
    "}",
    "break",
    "if",
    "else",
    "repeat",
    "until",
    "return"
  ],
  "Return_stmt_prime": [
    "ID",
    ";",
    "NUM",
    "(",
    "{",
    "}",
    "break",
    "if",
    "else",
    "repeat",
    "until",
    "return"
  ],
  "Expression": [
    ";",
    "]",
    ")",
    ","
  ],
  "B": [
    ";",
    "]",
    ")",
    ","
  ],
  "H": [
    ";",
    "]",
    ")",
    ","
  ],
  "Simple_expression_zegond": [
    ";",
    "]",
    ")",
    ","
  ],
  "Simple_expression_prime": [
    ";",
    "]",
    ")",
    ","
  ],
  "C": [
    ";",
    "]",
    ")",
    ","
  ],
  "Relop": [
    "ID",
    "NUM",
    "("
  ],
  "Additive_expression": [
    ";",
    "]",
    ")",
    ","
  ],
  "Additive_expression_prime": [
    ";",
    "]",
    ")",
    ",",
    "<",
    "=="
  ],
  "Additive_expression_zegond": [
    ";",
    "]",
    ")",
    ",",
    "<",
    "=="
  ],
  "D": [
    ";",
    "]",
    ")",
    ",",
    "<",
    "=="
  ],
  "Addop": [
    "ID",
    "NUM",
    "("
  ],
  "Term": [
    ";",
    "]",
    ")",
    ",",
    "<",
    "==",
    "+",
    "-"
  ],
  "Term_prime": [
    ";",
    "]",
    ")",
    ",",
    "<",
    "==",
    "+",
    "-"
  ],
  "Term_zegond": [
    ";",
    "]",
    ")",
    ",",
    "<",
    "==",
    "+",
    "-"
  ],
  "G": [
    ";",
    "]",
    ")",
    ",",
    "<",
    "==",
    "+",
    "-"
  ],
  "Factor": [
    ";",
    "]",
    ")",
    ",",
    "<",
    "==",
    "+",
    "-",
    "*"
  ],
  "Var_call_prime": [
    ";",
    "]",
    ")",
    ",",
    "<",
    "==",
    "+",
    "-",
    "*"
  ],
  "Var_prime": [
    ";",
    "]",
    ")",
    ",",
    "<",
    "==",
    "+",
    "-",
    "*"
  ],
  "Factor_prime": [
    ";",
    "]",
    ")",
    ",",
    "<",
    "==",
    "+",
    "-",
    "*"
  ],
  "Factor_zegond": [
    ";",
    "]",
    ")",
    ",",
    "<",
    "==",
    "+",
    "-",
    "*"
  ],
  "Args": [
    ")"
  ],
  "Arg_list": [
    ")"
  ],
  "Arg_list_prime": [
    ")"
  ]
}